link,name,year,title,DOI,,,,,,,
https://people.mpi-inf.mpg.de/~mehlhorn/ftp/mehlhorn3.pdf,Melhorn's Approximation algorithm,1975,,,,,,,,,
https://citeseerx.ist.psu.edu/viewdoc/download?doi=10.1.1.54.6940&rep=rep1&type=pdf,Karpinski,1996,,,,,,,,,
https://epubs.siam.org/doi/abs/10.1137/S0895480193256651?journalCode=sjdmec,Klawe; Mumey,1993,,,,,,,,,
https://www.sciencedirect.com/science/article/pii/0196677487900526,Larmore,1987,,,,,,,,,
https://doi.org/10.1109/TPAMI.2018.2889473,Hierarchical Navigable Small World (HNSW),2018,,,,,,,,,
http://infolab.stanford.edu/~ullman/mmds/ch3n.pdf,Locality-sensitive hashing,2010,,,,,,,,,
http://www.araa.asn.au/acra/acra2013/papers/pap148s1-file1.pdf,Projected radial search,2013,,,,,,,,,
https://link.springer.com/article/10.1007/s00453-002-0989-y,Pisinger,2003,,,,,,,,,
https://doi.org/10.1287/opre.21.1.332,Faaland,1973,,,,,,,,,
https://link.springer.com/article/10.1007/s006070050042,Pferschy,1999,,,,,,,,,
https://doi.org/10.1002/(SICI)1097-0037(199905)33:3%3C189::AID-NET5%3E3.0.CO;2-2,Klinz,1999,,,,,,,,,
https://www.sciencedirect.com/science/article/abs/pii/S019667749690841X?via%3Dihub,Eppstein,1997,,,,,,,,,
https://journals.plos.org/plosone/article?id=10.1371/journal.pone.0091507,Serang,2014,,,,,,,,,
https://www.liebertpub.com/doi/10.1089/cmb.2015.0013,Serang,2015,,,,,,,,,
https://dl.acm.org/doi/abs/10.1145/1806689.1806735,Lokshtanov,2010,,,,,,,,,
https://arxiv.org/pdf/0812.4893.pdf,"Valentin Polishchuk, and Jukka Suomela",2008,,,,,,,,,
https://www.ncbi.nlm.nih.gov/pubmed/2184437,"Lawrence, Reilly",1990,,,,,,,,,
https://science.sciencemag.org/content/262/5131/208,Lawrence Gibbs Sampling,1993,,,,,,,,,
https://www.ncbi.nlm.nih.gov/pubmed/12015892,MotifSampler ,2001,,,,,,,,,
https://dl.acm.org/doi/abs/10.1145/344779.345009,tree-structured vector quantization Wei-Levoy,2000,,,,,,,,,
https://arxiv.org/abs/1705.06566,"Spatial GAN-Based; Urs Bergmann, Nikolay Jetchev, Roland Vollgraf",2017,,,,,,,,,
https://arxiv.org/abs/1912.05935,Grigoryan,2018,,,,,,,,,
https://epubs.siam.org/doi/abs/10.1137/0211030?journalCode=smjcat,Sedgewick; Szymanski; and Yao,1982,,,,,,,,,
https://drive.google.com/file/d/16H_lrjeaBJqWvcn07C_w-6VNHldJ-ZZl/view,Nivasch,2004,,,,,,,,,
https://onlinelibrary.wiley.com/doi/abs/10.1002/%28SICI%291097-024X%28199708%2927%3A8%3C983%3A%3AAID-SPE117%3E3.0.CO%3B2-%23,Intro Sort,1997,,,,,,,,,
https://www.bibsonomy.org/bibtex/2f485e4ea9a877871b59ab503151a7f10/bjoern,Heap Sort,1964,,,,,,,,,
http://bitsavers.org/pdf/mit/whirlwind/R-series/R-232_Information_Sorting_in_the_Application_of_Electronic_Digital_Computers_to_Business_Operations_May54.pdf,Counting Sort,1954,,,,,,,,,
https://dl.acm.org/citation.cfm?doid=366622.366647,Hoare's Selection Algorithm (QuickSelect),1961,,,,,,,,,
https://dl.acm.org/citation.cfm?doid=321796.321811,Wagner and Fischer,1974,,,,,,,,,
http://www.cs.yale.edu/homes/lans/readings/routing/ford-max_flow-1956.pdf,Ford & Fulkerson,1955,,,,,,,,,
https://www.scirp.org/(S(lz5mqp453edsnp55rrgjct55))/reference/ReferencesPapers.aspx?ReferenceID=1690549,Dinitz,1970,,,,,,,,,
https://web.eecs.umich.edu/~pettie/matching/Edmonds-Karp-network-flow.pdf,Edmonds & Karp,1972,,,,,,,,,
http://alexander-karzanov.net/Publications/maxflow-acyc.pdf,Karzanov,1974,,,,,,,,,
https://core.ac.uk/download/pdf/81946904.pdf,Galil & Naamad,1980,,,,,,,,,
https://link.springer.com/article/10.1007%2FBF02165411,Strassen's algorithm,1969,,,,,,,,,
https://ieeexplore.ieee.org/document/4567976,Pan's algorithm,1978,,,,,,,,,
https://epubs.siam.org/doi/abs/10.1137/0211020,Romani's algorithm,1981,,,,,,,,,
https://epubs.siam.org/doi/abs/10.1137/0211038,Coppersmith–Winograd algorithm,1981,,,,,,,,,
https://ieeexplore.ieee.org/abstract/document/4568194,Strassen's algorithm,1986,,,,,,,,,
http://www.cs.umd.edu/~gasarch/TOPICS/ramsey/matrixmult.pdf,Coppersmith–Winograd algorithm,1990,,,,,,,,,
http://theory.stanford.edu/~virgi/matrixmult-f.pdf,Vassilevska Williams,2014,,,,,,,,,
https://arxiv.org/abs/1401.7714,François Le Gall,2014,,,,,,,,,
https://link.springer.com/article/10.1007/BF01931804,Aasen's method,1971,,,,,,,,,
https://onlinelibrary.wiley.com/doi/abs/10.1002/sapm1946251261,Levinson–Durbin recursion,1947,,,,,,,,,
https://link.springer.com/article/10.1007/BF02163269,Bareiss Algorithm,1969,,,,,,,,,
https://www.jstor.org/stable/2004623?seq=1,Bjorck-Pereyra,1970,,,,,,,,,
https://www.sciencedirect.com/science/article/abs/pii/0041555380900610,Khachiyan Ellipsoid algorithm ,1979,,,,,,,,,
https://doi.org/10.1109%2FTC.1979.1675432,Bentley–Ottmann algorithm,1979,,,,,,,,,
https://linkinghub.elsevier.com/retrieve/pii/0020019073900203,Jarvis,1973,,,,,,,,,
https://link.springer.com/chapter/10.1007/BFb0028279,Kruskal’s algorithm with demand-sorting,1991,,,,,,,,,
https://dl.acm.org/citation.cfm?id=2791187,Quick Kruskal algorithm,2006,,,,,,,,,
http://cs.brown.edu/research/pubs/pdfs/1995/Karger-1995-RLT.pdf,Karger; Klein & Tarjan,1995,,,,,,,,,
https://en.wikipedia.org/wiki/Crout_matrix_decomposition,Crout and LUP algorithms,2007,,,,,,,,,
https://arxiv.org/abs/math/0506382,Okunev; Johnson,1997,,,,,,,,,
https://ieeexplore.ieee.org/document/4082128/,A* Algorithm,1968,,,,,,,,,
https://www.cs.princeton.edu/courses/archive/spr06/cos423/Handouts/EPP%20shortest%20path%20algorithms.pdf,Bidirectional A* Algorithm,2007,,,,,,,,,
http://idm-lab.org/bib/abstracts/papers/aamas09d.pdf,Fringe Saving A* (FSA*),2008,,,,,,,,,
http://idm-lab.org/bib/abstracts/papers/aamas08b.pdf,Generalized Adaptive A* (GAA*),2008,,,,,,,,,
https://linkinghub.elsevier.com/retrieve/pii/0004370285900840,Iterative Deepening A* (IDA*),1985,,,,,,,,,
http://users.cecs.anu.edu.au/~dharabor/data/papers/harabor-grastien-aaai11.pdf,Jump Point Search (JPS),2011,,,,,,,,,
http://idm-lab.org/bib/abstracts/papers/aaai02b.pdf,Lifelong Planning A* (LPA*),2001,,,,,,,,,
https://citeseerx.ist.psu.edu/viewdoc/summary?doi=10.1.1.105.7839,Simplified Memory-Bounded A* (SMA*),1992,,,,,,,,,
http://idm-lab.org/bib/abstracts/papers/aaai07a.pdf,Theta*,2010,,,,,,,,,
https://papers.nips.cc/paper/2382-ara-anytime-a-with-provable-bounds-on-sub-optimality.pdf,Anytime Repairing A* (ARA*),2005,,,,,,,,,
https://www.cs.du.edu/~sturtevant/papers/TBA.pdf,Time-Bounded A* (TBA*),2009,,,,,,,,,
https://pdfs.semanticscholar.org/4479/9559a1067e06b5a6bf052f8f10637707928f.pdf,Knuth-Morris-Pratt (KMP) algorithm,1977,,,,,,,,,
https://www.cs.utexas.edu/users/moore/publications/fstrpos.pdf,Boyer-Moore (BM) algorithm,1977,,,,,,,,,
https://pdfs.semanticscholar.org/c47d/151f09c567013761632c89e237431c6291a2.pdf,Rabin-Karp (RK) algorithm,1987,,,,,,,,,
https://www.sciencedirect.com/science/article/pii/0022283670900574,Needleman–Wunsch algorithm,1970,,,,,,,,,
https://www.sciencedirect.com/science/article/pii/0022283681900875,Smith–Waterman algorithm,1981,,,,,,,,,
https://www.sciencedirect.com/science/article/pii/0022000080900021,Masek; Patterson,1980,,,,,,,,,
https://dl.acm.org/doi/10.1145/360825.360861,Hirschberg's algorithm,1975,,,,,,,,,
https://www.ncbi.nlm.nih.gov/pubmed/2983426,FASTA,1985,,,,,,,,,
https://www.sciencedirect.com/science/article/pii/0022283682903989,Gotoh,1982,,,,,,,,,
https://link.springer.com/article/10.1007/BF02462326,Altschul and Erickson,1986,,,,,,,,,
https://academic.oup.com/bioinformatics/article/4/1/11/205106?login=true,Myers and Miller,1988,,,,,,,,,
https://www.ncbi.nlm.nih.gov/pmc/articles/PMC427531/,David Sankoff,1972,,,,,,,,,
https://books.google.com/books/about/Principles_of_interactive_computer_graph.html?id=inJ8AAAAIAAJ,Cohen–Sutherland,1967,,,,,,,,,
https://dl.acm.org/doi/10.1145/357332.357333,Liang–Barsky,1984,,,,,,,,,
https://www.sciencedirect.com/science/article/pii/0097849378900213,Cyrus–Beck,1978,,,,,,,,,
https://dl.acm.org/doi/10.1145/37401.37432,Nicholl–Lee–Nicholl,1987,,,,,,,,,
https://www.sciencedirect.com/science/article/pii/0097849387900616,Fast clipping,1987,,,,,,,,,
https://ieeexplore.ieee.org/document/5392601,Rabin–Scott powerset construction,1959,,,,,,,,,
http://www.mathnet.ru/php/archive.phtml?wshow=paper&jrnid=dan&paperid=26729&option_lang=eng,Karatsuba Algorithm,1962,,,,,,,,,
https://www.ams.org/journals/tran/1969-142-00/S0002-9947-1969-0249212-8/S0002-9947-1969-0249212-8.pdf,Toom-3,1969,,,,,,,,,
https://www.sciencedirect.com/science/article/abs/pii/S0146664X72800170,Ramer–Douglas–Peucker algorithm,1972,,,,,,,,,
https://hull-repository.worktribe.com/output/459275,Visvalingam–Whyatt,1993,,,,,,,,,
http://dx.doi.org/10.2312/eg.19811012,Opheim simplification,1981,,,,,,,,,
http://citeseerx.ist.psu.edu/viewdoc/summary?doi=10.1.1.494.7321,Zhao-Saalfeld,1997,,,,,,,,,
https://dl.acm.org/doi/pdf/10.1145/355744.355745,k-d Tree,1975,,,,,,,,,
http://www-db.deis.unibo.it/courses/SI-LS/papers/Gut84.pdf,R-tree,1984,,,,,,,,,
https://dl.acm.org/doi/10.1145/321812.321823,Horowitz and Sahni,1974,,,,,,,,,
https://onlinelibrary.wiley.com/doi/10.1002/nav.3800030107,Bellman dynamic programming algorithm,1956,,,,,,,,,
https://www.sciencedirect.com/science/article/abs/pii/S0196677499910349,Psinger,1999,,,,,,,,,
https://dl.acm.org/doi/pdf/10.1145/3329863,Koiliaris and Xu,2019,,,,,,,,,
https://arxiv.org/abs/1610.04712,Bringman,2017,,,,,,,,,
https://dl.acm.org/doi/pdf/10.1145/358234.381162,Faster Brute Force (via x[L:U] = x[L:U-1]+x[U]),1977,,,,,,,,,
https://citeseerx.ist.psu.edu/viewdoc/download?doi=10.1.1.24.1291&rep=rep1&type=pdf,Perumalla and Deo,1995,,,,,,,,,
https://link.springer.com/chapter/10.1007/BFb0054337,Speller,1998,,,,,,,,,
https://pubmed.ncbi.nlm.nih.gov/12169566/,Mitra,2002,,,,,,,,,
https://link.springer.com/chapter/10.1007/978-3-540-45078-8_5,Census,2003,,,,,,,,,
https://link.springer.com/chapter/10.1007/11682462_69,Risotto,2006,,,,,,,,,
https://ieeexplore.ieee.org/abstract/document/4359890,PMS,2007,,,,,,,,,
https://dl.acm.org/doi/10.1145/321864.321874,Dynamic Programming,1953,,,,,,,,,
https://citeseerx.ist.psu.edu/viewdoc/download?doi=10.1.1.218.8168&rep=rep1&type=pdf,Czumaj,1996,,,,,,,,,
https://citeseerx.ist.psu.edu/viewdoc/download?doi=10.1.1.218.8168&rep=rep1&type=pdf,Czumaj,1996,,,,,,,,,
https://www.worldcat.org/title/computing-matrix-chain-products-in-near-optimal-time/oclc/727708286,Chandra,1975,,,,,,,,,
https://dl.acm.org/citation.cfm?id=359556,Chin,1978,,,,,,,,,
https://doi.org/10.1016/0020-0190(79)90113-3,Bini's algorithm,1979,,,,,,,,,
https://epubs.siam.org/doi/abs/10.1137/0210032,Schonhage's algorithm,1980,,,,,,,,,
http://citeseerx.ist.psu.edu/viewdoc/summary?doi=10.1.1.36.4204,"Karger, Blum",1997,,,,,,,,,
https://dl.acm.org/doi/10.1145/359094.359101,Brélaz (DSatur),1979,,,,,,,,,
https://ieeexplore.ieee.org/document/4567800,Micali and Vazirani,1980,,,,,,,,,
https://dl.acm.org/doi/10.1145/321043.321046,Miller-Tucker-Zemlin (MTZ) formulation ,1960,,,,,,,,,
https://doi.org/10.1287/opre.2.4.393,Dantzig-Fulkerson-Johnson (DFJ) formulation,1954,,,,,,,,,
https://dl.acm.org/doi/10.1145/876638.876640,Barvinok,2003,,,,,,,,,
http://www.bmva.org/bmvc/1988/avc-88-023.pdf,Harris and Stephens algorithm,1988,,,,,,,,,
https://www.sciencedirect.com/science/article/abs/pii/0167865582900204,L. Kitchen and A. Rosenfeld,1982,,,,,,,,,
https://www.jstor.org/stable/3689577#metadata_info_tab_contents,Chvatal greedy heuristic,1979,,,,,,,,,
https://dl.acm.org/doi/pdf/10.1145/1150334.1150336,Alon; Moshkovitz & Safra,2006,,,,,,,,,
https://www.ncbi.nlm.nih.gov/pubmed/9788350,Roth AlignACE,1998,,,,,,,,,
https://ieeexplore.ieee.org/abstract/document/790383,non-parametric sampling Efros and Leung,1999,,,,,,,,,
https://dl.acm.org/doi/abs/10.1145/383259.383295,image analogies Hertzmann,2001,,,,,,,,,
https://ieeexplore.ieee.org/abstract/document/679446,R. Paget ; I.D. Longstaff,1998,,,,,,,,,
https://dl.acm.org/doi/abs/10.1145/383259.383296,Image quilting Efros-Freeman,2001,,,,,,,,,
http://ais.informatik.uni-freiburg.de/teaching/ss12/robotics/slides/12-slam.pdf,EKF SLAM,1998,,,,,,,,,
https://www.seas.harvard.edu/courses/cs281/papers/unscented.pdf,UKF,2000,,,,,,,,,
https://citeseerx.ist.psu.edu/viewdoc/download?doi=10.1.1.206.999&rep=rep1&type=pdf,Compressed Extended KF,2002,,,,,,,,,
https://papers.nips.cc/paper/1716-bayesian-map-learning-in-dynamic-environments.pdf,Rao-Blackwellized Particle Filtering SLAM,2001,,,,,,,,,
https://www.sciencedirect.com/science/article/pii/0012365X89902148,Petford and Welsh,1989,,,,,,,,,
https://link.springer.com/chapter/10.1007/978-3-540-73545-8_9,Fomin; Gaspers & Saurabh,2007,,,,,,,,,
https://www.sciencedirect.com/science/article/pii/S0890540185710498,Khuller; Matias,1995,,,,,,,,,
https://dl.acm.org/citation.cfm?id=248979,Bunch; Hopcroft,1974,,,,,,,,,
https://en.wikipedia.org/wiki/Bitap_algorithm,Bitap algorithm,1964,,,,,,,,,
https://link.springer.com/chapter/10.1007/978-1-349-08147-9_4,Tree sort,1986,,,,,,,,,
https://apps.dtic.mil/dtic/tr/fulltext/u2/740110.pdf,Quick Sort,1961,,,,,,,,,
https://www.sciencedirect.com/science/article/pii/0196677492900166?via%3Dihub,Cube Sort Parallel Implementation,1992,,,,,,,,,
https://dl.acm.org/citation.cfm?doid=368370.368387,Shell Sort (Shell),1959,,,,,,,,,
https://dl.acm.org/citation.cfm?doid=366947.366957,Shell Sort (Frank & Lazarus),1960,,,,,,,,,
https://apps.dtic.mil/sti/pdfs/AD0740110.pdf,Shell Sort (Pratt),1971,,,,,,,,,
https://www.sciencedirect.com/science/article/pii/0196677486900015?via%3Dihub,Shell Sort (Sedgewick),1986,,,,,,,,,
https://epubs.siam.org/doi/abs/10.1137/0218014,Bitonic Merge Sort Parallel Implementation,1968,,,,,,,,,
https://www.sciencedirect.com/science/article/pii/S0196677402912113,Thorup's Sorting Algorithm,2002,,,,,,,,,
http://www.neubert.net/FSOIntro.html,Flash Sort,1998,,,,,,,,,
https://web.archive.org/web/20170809110409/https://www.cs.auckland.ac.nz/~jaru003/research/publications/journals/beadsort.pdf,Bead Sort,2002,,,,,,,,,
https://dl.acm.org/citation.cfm?doid=1005813.1041517,Burst Sort,2004,,,,,,,,,
https://www.semanticscholar.org/paper/The-Spreadsort-High-performance-General-case-Ross/41f5b49e9843b2d98b6b22a84924dae5761e6e52,Spreadsort,2002,,,,,,,,,
https://doi.org/10.1137/0211028,T. C. Hu ; M. T. Shing,1982,,,,,,,,,
http://www.cs.ust.hk/mjg_lib/bibs/DPSu/DPSu.Files/HuSz77.pdf,Hunt and Szymanski,1977,,,,,,,,,
https://www.sciencedirect.com/science/article/pii/0020025580900250,Mukhopadhyay,1980,,,,,,,,,
https://www.scirp.org/(S(lz5mqp453edsnp55rrgjct55))/reference/ReferencesPapers.aspx?ReferenceID=1690549,Dinitz (with dynamic trees),1973,,,,,,,,,
https://www.sciencedirect.com/science/article/abs/pii/S037722179600269X,Cherkassky,1977,,,,,,,,,
https://www.sciencedirect.com/science/article/pii/0022000083900065,Sleator & Tarjan,1983,,,,,,,,,
https://www.cs.princeton.edu/courses/archive/fall03/cs528/handouts/a%20new%20approach.pdf,Goldberg & Tarjan,1986,,,,,,,,,
https://www.researchgate.net/publication/38008130_A_Fast_and_Simple_Algorithm_for_the_Maximum_Flow_Problem,Ahuja & Orlin,1987,,,,,,,,,
https://ieeexplore.ieee.org/document/63465,Cheriyan & Hagerup,1989,,,,,,,,,
https://link.springer.com/chapter/10.1007/BFb0032035,Cheriyan et al.,1990,,,,,,,,,
https://www.sciencedirect.com/science/article/pii/002001909090024R,Alon,1990,,,,,,,,,
https://dl.acm.org/citation.cfm?id=139438,King et al. (KRT),1992,,,,,,,,,
https://dl.acm.org/citation.cfm?id=167201,Phillips & Westbrook,1993,,,,,,,,,
https://dl.acm.org/citation.cfm?id=290181,Goldberg & Rao,1997,,,,,,,,,
https://dl.acm.org/citation.cfm?id=290181,Goldberg & Rao,1997,,,,,,,,,
https://dl.acm.org/citation.cfm?id=2488705,James B Orlin's + KRT (King; Rao; Tarjan)'s algorithm,2013,,,,,,,,,
https://www.sciencedirect.com/science/article/pii/002001907690065X?via%3Dihub,Lawler,1976,,,,,,,,,
https://link.springer.com/chapter/10.1007/3-540-57899-4_51,Schiermeyer,1994,,,,,,,,,
https://ieeexplore.ieee.org/stamp/stamp.jsp?arnumber=492575,Beigel & Eppstein,1995,,,,,,,,,
https://www.sciencedirect.com/science/article/pii/S0196677404001117?via%3Dihub,Beigel & Eppstein,2000,,,,,,,,,
https://www.sciencedirect.com/science/article/pii/002001907690065X?via%3Dihub,Lawler,1976,,,,,,,,,
https://www.sciencedirect.com/science/article/abs/pii/S0167637704000409?via%3Dihub,Byskov,2004,,,,,,,,,
https://nvlpubs.nist.gov/nistpubs/jres/049/jresv49n6p409_A1b.pdf,Conjugate Gradient,1952,,,,,,,,,
https://journals.aps.org/prl/abstract/10.1103/PhysRevLett.103.150502,Harrow (Quantum),2009,,,,,,,,,
https://web.archive.org/web/20131228145520/http://retis.sssup.it/~bini/teaching/optim2010/karmarkar.pdf,Karmarkar's algorithm,1984,,,,,,,,,
https://arxiv.org/abs/1810.07896,Cohen; Lee and Song,2018,,,,,,,,,
https://arxiv.org/abs/1503.01752,Lee and Sidford,2015,,,,,,,,,
https://dl.acm.org/doi/10.1145/147508.147511,Chazelle & Edelsbrunner,1992,,,,,,,,,
https://www.sciencedirect.com/science/article/pii/0022000086900255,CHAZELLE,1986,,,,,,,,,
https://pdfs.semanticscholar.org/a571/cc92218132a1b0e65c2adbf663c79d015737.pdf,NIEVERGELT. J.. AND PREPARATA (Section 3),1982,,,,,,,,,
https://epubs.siam.org/doi/abs/10.1137/S0097539797329373,"Jean-Daniel Boissonnat and Franco P.
Preparata. ",1997,,,,,,,,,
https://dl.acm.org/doi/pdf/10.1145/220279.220302,Balaban.,1995,,,,,,,,,
https://dl.acm.org/citation.cfm?id=304991,Boissonnat; Snoeyink,1999,,,,,,,,,
https://dl.acm.org/citation.cfm?id=72950,Goodrich,1989,,,,,,,,,
https://www.sciencedirect.com/science/article/pii/0020019072900452?via%3Dihub,Graham,1972,,,,,,,,,
https://dl.acm.org/citation.cfm?id=355766,W. Eddy Quickhull,1977,,,,,,,,,
https://dl.acm.org/citation.cfm?id=359430,Preparata and Hong,1977,,,,,,,,,
https://www.sciencedirect.com/science/article/pii/0020019079900723,Andrew's algorithm,1979,,,,,,,,,
https://ecommons.cornell.edu/handle/1813/6417,The ultimate planar convex hull algorithm,1986,,,,,,,,,
https://link.springer.com/article/10.1007/BF02712873,Chan's algorithm,1996,,,,,,,,,
https://cse.buffalo.edu/faculty/miller/Papers/IEEETC88a.pdf,Miller; Stout,1988,,,,,,,,,
https://www.sciencedirect.com/science/article/pii/0898122181900080,Kosaraju's algorithm,1978,,,,,,,,,
https://www.semanticscholar.org/paper/Depth-First-Search-and-Linear-Graph-Algorithms-Tarjan/385742fffcf113656f0d3cf6c06ef95cb8439dc6,Tarjan's strongly connected components algorithm,1972,,,,,,,,,
https://www.worldcat.org/title/discipline-of-programming/oclc/1958445,Path-based strong components algorithm; Dijkstra,1976,,,,,,,,,
https://ldhulipala.github.io/readings/sequential-scc.pdf,Fleischer forward-backward (FB) algorithm,2003,,,,,,,,,
https://www.sciencedirect.com/science/article/pii/S0020019015001532,Pearce,2016,,,,,,,,,
https://www.sciencedirect.com/science/article/pii/S002001900000051X?via%3Dihub,Path-based depth-first search Gabow,2000,,,,,,,,,
https://link.springer.com/article/10.1007%2FBF01940892,Paul Purdom,1970,,,,,,,,,
http://www.cs.ox.ac.uk/people/gavin.lowe/parallelDFS.html,Lowe’s Algorithm,2014,,,,,,,,,
https://link.springer.com/chapter/10.1007/978-3-642-45221-5_44,Renault’s Algorithm,2009,,,,,,,,,
https://link.springer.com/chapter/10.1007/3-540-48119-2_16,Couvreur,1999,,,,,,,,,
https://www.sciencedirect.com/science/article/pii/0020019071900068,Munro’s algorithm,1971,,,,,,,,,
https://ieeexplore.ieee.org/document/8133154,OBF Algorithm,2011,,,,,,,,,
https://research.vu.nl/en/publications/on-distributed-verification-and-verified-distribution,CH Algorithm,2004,,,,,,,,,
https://stanford-ppl.github.io/website/papers/sc13-hong.pdf,Hong’s algorithm,2013,,,,,,,,,
https://ieeexplore.ieee.org/document/6773228,Prim's algorithm + adjacency matrix searching,1957,,,,,,,,,
https://dl.acm.org/citation.cfm?id=28874,Prim's algorithm + Fibonacci heaps; Fredman & Tarjan,1987,,,,,,,,,
https://www.jstor.org/stable/2033241,Kruskal's algorithm,1956,,,,,,,,,
https://www.sciencedirect.com/science/article/pii/0020019075900563,Yao's algorithm,1975,,,,,,,,,
https://epubs.siam.org/doi/abs/10.1137/0205051,Cheriton-Tarjan Algorithm,1976,,,,,,,,,
https://dl.acm.org/citation.cfm?id=2791225,Filter Kruskal algorithm,2009,,,,,,,,,
https://www.cs.princeton.edu/~chazelle/pubs/mst.pdf,Chazelle's algorithm,2000,,,,,,,,,
https://www.cs.princeton.edu/courses/archive/spr10/cos423/handouts/NearOpt.pdf,Thorup (reverse-delete),2000,,,,,,,,,
https://www.sciencedirect.com/science/article/pii/0020019079900851,Fortune and Hopcroft,1979,,,,,,,,,
https://www.springer.com/gp/book/9780387961316,F. Preparata and M. Shamos,1986,,,,,,,,,
https://dl.acm.org/citation.cfm?id=540196,Rabin' Algorithm,1976,,,,,,,,,
https://dl.acm.org/citation.cfm?id=358850,Bentley,1980,,,,,,,,,
https://dl.acm.org/citation.cfm?id=803652,Bentley; Shamos,1976,,,,,,,,,
https://www.sciencedirect.com/science/article/pii/0020019088901500,Hinrichs; Nievergelt; Schorn,1988,,,,,,,,,
https://ieeexplore.ieee.org/document/4567872,Shamos; Hoey,1975,,,,,,,,,
https://www.sciencedirect.com/science/article/pii/0020019080900356,Dyer,1980,,,,,,,,,
https://apps.dtic.mil/sti/pdfs/AD0422842.pdf,Bellman–Ford algorithm (Ford 1956),1956,,,,,,,,,
https://www.ams.org/journals/qam/1958-16-01/S0033-569X-1958-0102435-2/S0033-569X-1958-0102435-2.pdf,Bellman–Ford algorithm (Shimbel 1955; Bellman 1958; Moore 1959),1959,,,,,,,,,
https://www.jstor.org/stable/pdf/2627005.pdf,Bellman–Ford algorithm (Dantzig 1960),1960,,,,,,,,,
https://www.jstor.org/stable/3007178?seq=1#page_scan_tab_contents,Dijkstra's algorithm with list (Whiting & Hillier 1960),1960,,,,,,,,,
https://dl.acm.org/citation.cfm?id=321993,Dijkstra's algorithm with binary heap (Johnson 1977),1977,,,,,,,,,
https://www.cs.princeton.edu/courses/archive/fall03/cs528/handouts/fibonacci%20heaps.pdf,Dijkstra's algorithm with Fibonacci heap (Fredman & Tarjan 1984; Fredman & Tarjan 1987),1984,,,,,,,,,
https://www.sciencedirect.com/science/article/pii/0166218X8390104X?via%3Dihub,Dijkstra's algorithm with Fibonacci heap (Johnson 1981; Karlsson & Poblete 1983),1981,,,,,,,,,
https://ieeexplore.ieee.org/document/4568085,Gabow's algorithm,1983,,,,,,,,,
https://dl.acm.org/doi/10.1145/77600.77615,Gabow Ahuja Algorithm,1990,,,,,,,,,
https://dl.acm.org/doi/10.1016/j.jcss.2004.04.003,Thorup's algorithm,2004,,,,,,,,,
https://link.springer.com/article/10.1007/BF02476438,Shimbel Algorithm,1953,,,,,,,,,
https://dl.acm.org/citation.cfm?id=368168,Floyd–Warshall algorithm,1962,,,,,,,,,
https://www.sciencedirect.com/science/article/pii/S0022000085710781,Seidel's algorithm,1995,,,,,,,,,
https://dl.acm.org/citation.cfm?id=2591811,Williams,2014,,,,,,,,,
https://dl.acm.org/citation.cfm?id=545417,Pettie & Ramachandran,2002,,,,,,,,,
http://citeseerx.ist.psu.edu/viewdoc/download?doi=10.1.1.22.7128&rep=rep1&type=pdf,Thorup,1999,,,,,,,,,
http://tmc.web.engr.illinois.edu/moreapsp.pdf,Chan (Geometrically Weighted),2009,,,,,,,,,
http://tmc.web.engr.illinois.edu/moreapsp.pdf,Chan,2009,,,,,,,,,
https://link.springer.com/article/10.1007%2FBF01933667,Pollard's rho algorithm,1975,,,,,,,,,
https://www.cambridge.org/core/journals/mathematical-proceedings-of-the-cambridge-philosophical-society/article/theorems-on-factorization-and-primality-testing/6762E84DBD34AEF13E6B1D1A8334A989,Pollard's p − 1 algorithm,1974,,,,,,,,,
https://www.jstor.org/stable/2007633?origin=crossref,Williams' p + 1 algorithm,1982,,,,,,,,,
https://www.jstor.org/stable/1971363?origin=crossref&seq=1,Lenstra elliptic curve factorization,1987,,,,,,,,,
https://archive.org/details/oeuvresdefermat02ferm,Fermat's factorization method,1894,,,,,,,,,
https://www.ams.org/journals/mcom/1981-36-153/S0025-5718-1981-0595059-1/home.html,Dixon's algorithm,1981,,,,,,,,,
https://www.ams.org/journals/bull/1931-37-10/S0002-9904-1931-05271-X/home.html,Continued fraction factorization (CFRAC),1931,,,,,,,,,
https://www.semanticscholar.org/paper/Analysis-and-comparison-of-some-integer-factoring-Pomerance/134b7b065a73d4ca00bb16c7b8bebbde951b0ba0,Quadratic sieve,1981,,,,,,,,,
https://www.ams.org/journals/mcom/1993-61-203/S0025-5718-1993-1182953-4/S0025-5718-1993-1182953-4.pdf,Rational sieve,1993,,,,,,,,,
https://www.ams.org/journals/mcom/2008-77-261/S0025-5718-07-02010-8/S0025-5718-07-02010-8.pdf,Shanks's square forms factorization (SQUFOF),2007,,,,,,,,,
https://www.sciencedirect.com/science/article/pii/S1063520316300069,Randomized LU Decomposition,2016,,,,,,,,,
https://books.google.com/books?hl=en&lr=&id=1aAOdzK3FegC&oi=fnd&pg=PA1&dq=Teukolsky#v=onepage&q=Teukolsky&f=false,"Press, Teukolsky, Flannery",2007,,,,,,,,,
https://webdocs.cs.ualberta.ca/~holte/Publications/aaai11PeterYapFinal.pdf,Block A*,2011,,,,,,,,,
https://citeseerx.ist.psu.edu/viewdoc/summary?doi=10.1.1.15.3683,D*,1994,,,,,,,,,
https://www.ri.cmu.edu/pub_files/pub4/ferguson_david_2006_3/ferguson_david_2006_3.pdf,Field D*,2006,,,,,,,,,
http://citeseerx.ist.psu.edu/viewdoc/download?doi=10.1.1.13.9460&rep=rep1&type=pdf,Tuned Boyer-Moore algorithm,1991,,,,,,,,,
https://www.nature.com/articles/srep01746,FOGSAA,2013,,,,,,,,,
https://www.sciencedirect.com/science/article/pii/0097849394900647/pdf?md5=06bd1f11031af17d1fd34626c4e2f49b&pid=1-s2.0-0097849394900647-main.pdf,O(lg N) algorithm,1994,,,,,,,,,
https://onlinelibrary.wiley.com/doi/abs/10.1111/1467-8659.1510061,Skala,1996,,,,,,,,,
https://link.springer.com/article/10.1007/BF02242355,Schönhage–Strassen algorithm,1971,,,,,,,,,
https://web.archive.org/web/20130425232048/http://www.cse.psu.edu/~furer/Papers/mult.pdf,Furer's algorithm,2007,,,,,,,,,
https://arxiv.org/abs/0801.1416,De,2008,,,,,,,,,
https://hal.archives-ouvertes.fr/hal-02070778,Harvey; Hoeven,2019,,,,,,,,,
https://arxiv.org/abs/1407.3360,Harvey; Hoeven; Lecerf,2015,,,,,,,,,
https://hal.inria.fr/hal-01108166v1/document,Covanov and Thomé,2015,,,,,,,,,
https://arxiv.org/abs/1502.02800,Covanov and Thomé,2016,,,,,,,,,
https://arxiv.org/abs/1802.07932,Harvey; Hoeven; Lecerf,2018,,,,,,,,,
http://lamport.azurewebsites.net/pubs/bakery.pdf,Lamport's bakery algorithm,1974,,,,,,,,,
https://www.researchgate.net/publication/221235887_A_simple_solution_to_Lamport's_concurrent_programming_problem_with_linear_wait,Szymanski's algorithm,1988,,,,,,,,,
https://link.springer.com/chapter/10.1007/978-3-540-30186-8_5,Taubenfeld's black-white bakery algorithm,2004,,,,,,,,,
https://cseweb.ucsd.edu/classes/wi09/cse223a/p145-maekawa.pdf,Maekawa's algorithm,1985,,,,,,,,,
https://dl.acm.org/doi/abs/10.1145/58564.59295,Raymond's algorithm,1997,,,,,,,,,
https://cse.iitkgp.ac.in/~agupta/distsys/Mutex-SuzukiKasami.pdf,Suzuki-Kasami's algorithm,1985,,,,,,,,,
https://www.cs.drexel.edu/~david/Classes/Papers/p443-newell.pdf,Painter's algorithm/Newell's algorithm,1972,,,,,,,,,
https://dl.acm.org/doi/book/10.5555/905316?dl=ACM,Warnock's algorithm,1969,,,,,,,,,
https://apps.dtic.mil/dtic/tr/fulltext/u2/700375.pdf,Binary space partitioning (BSP),1969,,,,,,,,,
http://isgwww.cs.uni-magdeburg.de/graphics/misc/Wolfgang_Stra%C3%9Fer_Schnelle_Kurven-_und_Flaechendarstellung_auf_grafischen_Sichtgeraeten.pdf,Z-buffering,1974,,,,,,,,,
https://onlinelibrary.wiley.com/doi/pdf/10.1002/zamm.19290090105?casa_token=xSwK6PkV010AAAAA:j_1-JKs0GG-KuwUUyM_dIt8kmOa5z6lvp_GABgDryAYxKdYvChyNGA9VA5CZLyAurWOVYPRn45geRTFk,Power Iteration,1929,,,,,,,,,
http://www.wias-berlin.de/people/si/course/files/Fortune87-SweepLine-Voronoi.pdf,Fortune,1987,,,,,,,,,
https://www.sciencedirect.com/science/article/pii/0167642383900151?via%3Dihub,Gries,1982,,,,,,,,,
https://dl.acm.org/doi/10.1093/comjnl/32.2.122,Bird,1989,,,,,,,,,
https://ieeexplore.ieee.org/document/6972008,"Ferreira, Camargo, Song",2014,,,,,,,,,
https://epubs.siam.org/doi/pdf/10.1137/0218059,HJLS algorithm,1986,,,,,,,,,
https://en.wikipedia.org/wiki/Dining_philosophers_problem#Resource_hierarchy_solution,Resource hierarchy solution,1965,,,,,,,,,
https://en.wikipedia.org/wiki/Dining_philosophers_problem#Arbitrator_solution,Arbitrator solution,1965,,,,,,,,,
https://www.jstor.org/stable/j.ctt7s8xg,Applegate et al.,2006,,,,,,,,,
http://citeseerx.ist.psu.edu/viewdoc/download?doi=10.1.1.92.1635&rep=rep1&type=pdf,Johnson; D. S.; McGeoch; L. A.,1997,,,,,,,,,
https://www.researchgate.net/publication/222408030_Traveling_Salesman_Should_not_be_Greedy_Domination_Analysis_of_Greedy-Type_Heuristics_for_the_TSP, Gutina; Gregory; Yeob; Anders; Zverovich; Alexey,2002,,,,,,,,,
https://link.springer.com/chapter/10.1007/978-1-4020-9688-4_3,Rosenkrantz; D. J.; Stearns; R. E.; Lewis; P. M.,1974,,,,,,,,,
https://www.cs.princeton.edu/~bwk/btl.mirror/tsp.pdf,Lin–Kernighan,1981,,,,,,,,,
https://www.ncbi.nlm.nih.gov/pmc/articles/PMC321006/,Greedy SEQAID,1984,,,,,,,,,
https://dl.acm.org/doi/10.1145/1468075.1468082,Appel's algorithm 1968,1968,,,,,,,,,
https://dl.acm.org/doi/10.1145/358876.358882,Whitted's algorithm 1979,1979,,,,,,,,,
https://www.academia.edu/814419/A_New_Parallel_Algorithm_Provided_by_a_Computation_Time_Model,J.-C. Nebel 1998,1998,,,,,,,,,
https://www.ri.cmu.edu/pub_files/pub4/moravec_hans_1980_1/moravec_hans_1980_1.pdf,Moravec's algorithm 1980,1980,,,,,,,,,
https://www.osapublishing.org/josaa/abstract.cfm?uri=josaa-5-7-1136,J. J. Koenderink and W. Richards 1988,1988,,,,,,,,,
https://link.springer.com/article/10.1023/A:1008045108935,Lindeberg (1998),1998,,,,,,,,,
https://www.robots.ox.ac.uk/~vgg/research/affine/det_eval_files/mikolajczyk_pami2004.pdf,K. Mikolajczyk; K. and C. Schmid LoG 2004,2004,,,,,,,,,
https://www.cs.ubc.ca/~lowe/papers/ijcv04.pdf,Lowe (2004),2004,,,,,,,,,
https://www.edwardrosten.com/work/rosten_2006_machine.pdf,FAST E. Rosten and T. Drummond 2006,2006,,,,,,,,,
https://www.mitpressjournals.org/doi/abs/10.1162/evco.2008.16.4.483?journalCode=evco&mobileUi=0&,Trujillo and Olague 2008,2008,,,,,,,,,
http://citeseerx.ist.psu.edu/viewdoc/summary?doi=10.1.1.471.6845,Geert Willems; Tinne Tuytelaars and Luc van Gool (2008),2008,,,,,,,,,
https://dl.acm.org/doi/abs/10.1145/882262.882264,Kwatra 2003,2003,,,,,,,,,
"Hearn, Baker (1997) pg. 87",Digital Differential Analyzer (DDA),1983,,,,,,,,,
"Hearn, Baker (1997) pg. 88",Bresenham Algorithm,1962,,,,,,,,,
http://robots.stanford.edu/papers/montemerlo.fastslam-tr.pdf,FastSlam,2003,,,,,,,,,
http://ingmec.ual.es/~jlblanco/papers/blanco2013rba.pdf,srba,2002,,,,,,,,,
https://www.ncbi.nlm.nih.gov/pubmed/24626234,Probabilistic Convolution Tree,2014,,,,,,,,,
https://www.semanticscholar.org/paper/Parallel-Neighbor-Sort-(or-the-Glory-of-the-Habermann/bc7b6efb99aae6225239425747fd0169a51f30ce,Odd Even Sort Parallel  Implementation,1972,,,,,,,,,
https://link.springer.com/chapter/10.1007/978-94-009-2794-0_11,Spaghetti Sort Parallel Implementation,1984,,,,,,,,,
http://citeseerx.ist.psu.edu/viewdoc/download?doi=10.1.1.56.222&rep=rep1&type=pdf,Heejo Lee; Jong Kim; Sungje Hong; and Sunggu Lee,1997,,,,,,,,,
https://epubs.siam.org/doi/abs/10.1137/0225039,Prakesh Ramanan,1996,,,,,,,,,
https://citeseerx.ist.psu.edu/viewdoc/download?doi=10.1.1.54.9426&rep=rep1&type=pdf,Czumaj,1993,,,,,,,,,
https://www.sciencedirect.com/science/article/pii/0022000084900254,Hsu and Du (Scheme 2),1984,,,,,,,,,
https://link.springer.com/article/10.1007/BF01840365,Apostolico and Guerra (HS1 Algorithm),1987,,,,,,,,,
https://dl.acm.org/citation.cfm?id=74702,Kuo and Cross,1989,,,,,,,,,
https://link.springer.com/chapter/10.1007/3-540-60044-2_53,Rick,1995,,,,,,,,,
https://link.springer.com/chapter/10.1007/3-540-60044-2_53,Rick,1995,,,,,,,,,
https://dl.acm.org/citation.cfm?id=322044,Hirschberg,1977,,,,,,,,,
https://www.sciencedirect.com/science/article/pii/0022000084900254,Hsu and Du (Scheme 1),1984,,,,,,,,,
https://link.springer.com/article/10.1007/BF01840365,Apostolico and Guerra (Algorithm 2),1987,,,,,,,,,
https://dl.acm.org/doi/abs/10.5555/105582.105592,Chin and Poon,1991,,,,,,,,,
https://link.springer.com/article/10.1007/BF00264437,Nakatsu et al.,1982,,,,,,,,,
https://onlinelibrary.wiley.com/doi/abs/10.1002/spe.4380151102,Miller and Myers,1985,,,,,,,,,
https://publications.mpi-cbg.de/Wu_1990_6334.pdf,Wu et al.,1990,,,,,,,,,
http://citeseerx.ist.psu.edu/viewdoc/download?doi=10.1.1.86.5093&rep=rep1&type=pdf,Ahuja et al.,1987,,,,,,,,,
https://www.sciencedirect.com/science/article/pii/0196677486900325,Robson,1986,,,,,,,,,
https://ieeexplore.ieee.org/document/814612,Schöning,1999,,,,,,,,,
https://dl.acm.org/doi/10.5555/314613.314838,Hirsch,1998,,,,,,,,,
https://www.sciencedirect.com/science/article/abs/pii/0020019088900658,Johnson,1988,,,,,,,,,
http://www.cs.tau.ac.il/~nogaa/PDFS/spectcolpr1.pdf,Alon and Kahale,1997,,,,,,,,,
https://www.sciencedirect.com/science/article/pii/002001908490084X,Incremental convex hull algorithm; Michael Kallay,1984,,,,,,,,,
https://www.sciencedirect.com/science/article/pii/S0743731506001262,Bader & Cong Parallel Implementation ,2006,,,,,,,,,
http://www.ams.org/notices/199612/pomerance.pdf,General number field sieve,1996,,,,,,,,,
https://ieeexplore.ieee.org/document/365700/,Shor's algorithm Quantum Implementation,1994,,,,,,,,,
http://monge.univ-mlv.fr/~mac/Articles-PDF/CP-1991-jacm.pdf,Two-way String-Matching Algorithm,1991,,,,,,,,,
http://www.ijcte.org/papers/462-G1278.pdf,Quick-Skip Searching,2012,,,,,,,,,
https://thesai.org/Downloads/Volume8No6/Paper_15-Fast_Hybrid_String_Matching_Algorithm.pdf,Fast Hybrid Algorithm,2017,,,,,,,,,
https://link.springer.com/chapter/10.1007/BFb0030778,Backward Non-Deterministic DAWG Matching (BNDM),1998,,,,,,,,,
https://link.springer.com/chapter/10.1007/3-540-09510-1_10,Commentz-Walter Algorithm,1979,,,,,,,,,
https://cr.yp.to/bib/1975/aho.pdf,Aho–Corasick (AC) Algorithm,1975,,,,,,,,,
https://onlinelibrary.wiley.com/doi/abs/10.1002/spe.4380100608,Boyer-Moore-Horspool (BMH),1980,,,,,,,,,
https://www.cin.ufpe.br/~paguso/courses/if767/bib/Raita_1992.pdf,Raita Algorithm,1991,,,,,,,,,
https://link.springer.com/chapter/10.1007/3-540-47849-3_18,BOM (Backward Oracle Matching),1999,,,,,,,,,
https://docs.lib.purdue.edu/cgi/viewcontent.cgi?article=1456&context=cstech&sei-redir=1,Apostolico–Giancarlo Algorithm,1986,,,,,,,,,
https://www.ncbi.nlm.nih.gov/pubmed/9254694,Gapped BLAST,1997,,,,,,,,,
https://www.ncbi.nlm.nih.gov/pubmed/2231712,Basic Local Alignment Search Tool (BLAST),1990,,,,,,,,,
https://www.cambridge.org/core/journals/canadian-journal-of-mathematics/article/maximal-flow-through-a-network/5D6E55D3B06C4F7B1043BC1D82D40764,Ford–Fulkerson algorithm,1956,,,,,,,,,
https://epubs.siam.org/doi/10.1137/0202019,Hopcroft–Karp algorithm,1973,,,,,,,,,
https://link.springer.com/article/10.1007/s00453-005-1187-5,Mucha; Sankowski (planar),2006,,,,,,,,,
https://arxiv.org/abs/1307.2205,Madry's algorithm,2013,,,,,,,,,
https://arxiv.org/abs/1105.1569,Chandran and Hochbaum,2011,,,,,,,,,
https://web.eecs.umich.edu/~pettie/matching/Blum-matching-ICALP90.pdf,Blum,1990,,,,,,,,,
https://web.eecs.umich.edu/~pettie/matching/Gabow-Tarjan-scaling-general-graph-matching.pdf,Gabow; Tarjan,1991,,,,,,,,,
https://ieeexplore.ieee.org/document/1366244,"Mucha, Sankowski (general)",2004,,,,,,,,,
http://theory.stanford.edu/~virgi/cs267/papers/planar-sssp.pdf,Klein (section 5),1997,,,,,,,,,
https://ieeexplore.ieee.org/document/1055638,Diffie–Hellman key exchange,1978,,,,,,,,,
https://csrc.nist.gov/publications/detail/sp/800-56a/revised/archive/2007-03-14,Elliptic-curve Diffie-Hellman (ECDH),2006,,,,,,,,,
https://zoo.cs.yale.edu/classes/cs323/doc/Peterson.pdf,Peterson's algorithm,1981,,,,,,,,,
https://www.sciencedirect.com/science/article/abs/pii/S0743731596900416,Naimi-Trehel's algorithm,1996,,,,,,,,,
https://ieeexplore.ieee.org/document/113817,Chan-Singhal-Liu,1990,,,,,,,,,
https://dl.acm.org/doi/pdf/10.1145/1007352.1007372?casa_token=k60CrC_UJp0AAAAA:yGVve4fRNbftRM0P7aaEbq8OIlxa4nRy8-CjZErlGrBwBfPEt0ECHGYc8Ei48rdA9W9NoY73xC2W,"Spielman, Teng ",2004,,,,,,,,,
https://www.cs.cmu.edu/~glmiller/Publications/Papers/GrMiZa94-tr.pdf,Gremban; Miller; Zagha,1995,,,,,,,,,
https://dl.acm.org/citation.cfm?id=1117896,Bern; Gilbert;  Hendrickson,2006,,,,,,,,,
https://epubs.siam.org/doi/10.1137/S0895479801390637,Boman; Hendrickson,2003,,,,,,,,,
https://onlinelibrary.wiley.com/doi/abs/10.1002/nla.343,Boman; Chen; Hendrickson; Toledo,2004,,,,,,,,,
https://arxiv.org/abs/1102.4842,Koutis; Miller and Peng,2010,,,,,,,,,
https://arxiv.org/abs/1003.2958,Koutis; Miller and Peng,2011,,,,,,,,,
https://ieeexplore.ieee.org/document/5644892,Blelloch; Koutis;  Miller; Tangwongsan,2010,,,,,,,,,
http://www.math.ust.hk/~mamu/courses/531/tutorial_with_corrections.pdf,Briggs; Henson; McCormick,2000,,,,,,,,,
https://arxiv.org/pdf/1301.6628.pdf,Kelner; Orecchia; Sidford; Zhu,2013,,,,,,,,,
https://arxiv.org/abs/1506.08204,Lee; Peng; Spielman,2015,,,,,,,,,
https://arxiv.org/abs/cs/0703119,Daitch; Spielman,2007,,,,,,,,,
http://pds7.egloos.com/pds/200801/07/29/p636-floyd.pdf,Floyd's tortoise and hare algorithm,1967,,,,,,,,,
https://maths-people.anu.edu.au/~brent/pd/rpb005.pdf,Brent's algorithm,1973,,,,,,,,,
https://www.inwap.com/pdp10/hbaker/hakmem/flows.html#item132,Gosper's algorithm,1978,,,,,,,,,
https://www.worldcat.org/title/statistical-tables-for-biological-agricultural-and-medical-research/oclc/14222135,Fisher–Yates/Knuth shuffle,1938,,,,,,,,,
https://dl.acm.org/doi/10.1145/364520.364540,Durstenfeld's Algorithm 235,1964,,,,,,,,,
https://www.sciencedirect.com/science/article/abs/pii/0020019086900736,Sattolo's algorithm,1986,,,,,,,,,
https://www.cs.uleth.ca/~benkoczi/OR/read/cutting-stock-LP.pdf,Gomory's cutting method,1953,,,,,,,,,
https://link.springer.com/content/pdf/10.1007/BFb0120703.pdf,Wolfe; Lemaréchal; Kiwiel,1964,,,,,,,,,
https://www.sciencedirect.com/science/article/abs/pii/0041555380900610,Ellipsoid method,1971,,,,,,,,,
https://www.springer.com/gp/book/9783642821202,Subgradient method,1981,,,,,,,,,
https://dl.acm.org/doi/10.1145/1088216.1088219,Buchberger's algorithm,1976,,,,,,,,,
https://linkinghub.elsevier.com/retrieve/pii/S0022404999000055,Faugère F4 algorithm,1999,,,,,,,,,
https://dl.acm.org/doi/10.1145/780506.780516,Faugère F5 algorithm,2002,,,,,,,,,
https://link.springer.com/article/10.1007/BF01840359,SMAWK algorithm,1987,,,,,,,,,
https://www.ams.org/journals/mcom/1963-17-083/S0025-5718-1963-0159764-2/home.html,Steinhaus–Johnson–Trotter algorithm,1963,,,,,,,,,
https://mathscinet.ams.org/mathscinet-getitem?mr=0080380,Tompkins–Paige algorithm,1956,,,,,,,,,
https://academic.oup.com/comjnl/article/6/3/293/360213,Heap's algorithm,1963,,,,,,,,,
https://epubs.siam.org/doi/abs/10.1137/0206045,Garsia–Wachs algorithm,1977,,,,,,,,,
https://epubs.siam.org/doi/10.1137/0121057,Hu–Tucker algorithm,1971,,,,,,,,,
https://www.cs.bgu.ac.il/~michaluz/seminar/Knuth71.pdf,Modified Knuth's DP algorithm,1970,,,,,,,,,
https://www.cs.bgu.ac.il/~michaluz/seminar/Knuth71.pdf,Knuth's DP algorithm,1970,,,,,,,,,
https://www.cs.bgu.ac.il/~michaluz/seminar/Knuth71.pdf,Naive algorithm,1940,,,,,,,,,
https://doi.org/10.1137/0603055,Yao,1982,,,,,,,,,
https://www.sciencedirect.com/science/article/pii/0304397589901345,Levcopoulos; Lingas; Sack,1989,,,,,,,,,
https://www.sciencedirect.com/science/article/pii/002001909390212R,de Prisco,1993,,,,,,,,,
https://epubs.siam.org/doi/abs/10.1137/0112033?journalCode=smjmap.1,Lemke–Howson algorithm,1964,,,,,,,,,
https://dl.acm.org/doi/10.1145/779928.779933,Lipton; Mehta,2003,,,,,,,,,
https://web.eecs.umich.edu/~pettie/matching/Kuhn-hungarian-assignment.pdf,Hungarian algorithm,1955,,,,,,,,,
https://nvlpubs.nist.gov/nistpubs/jres/69B/jresv69Bn1-2p125_A1b.pdf,Edmonds,1965,,,,,,,,,
https://ieeexplore.ieee.org/document/4567800,Micali; Vazirani,1980,,,,,,,,,
https://dl.acm.org/doi/10.1109/FOCS.2004.40,Mucha and Sankowski,2004,,,,,,,,,
https://collaborate.princeton.edu/en/publications/a-note-on-finding-the-bridges-of-a-graph,Fleury's algorithm + Tarjan,1974,,,,,,,,,
https://www.cs.princeton.edu/courses/archive/spr10/cos423/handouts/NearOpt.pdf,Fleury's algorithm + Thorup,2000,,,,,,,,,
https://www.ams.org/journals/mcom/1965-19-090/S0025-5718-1965-0178586-1/S0025-5718-1965-0178586-1.pdf,Cooley–Tukey algorithm,1965,,,,,,,,,
https://ieeexplore.ieee.org/document/1162805,Rader–Brenner algorithm,1976,,,,,,,,,
https://ieeexplore.ieee.org/document/1163036/,Bruun's FFT algorithm,1978,,,,,,,,,
https://dl.acm.org/citation.cfm?id=1476610,Yavne Split Radix FFT algorithm,1968,,,,,,,,,
http://cis.rit.edu/class/simg716/FFT_Fun_Profit.pdf,Gentleman; Morven and Gordon Sande radix-4 algorithm,1966,,,,,,,,,
https://ieeexplore.ieee.org/document/1162043,Bergland; Glenn radix-8 algorithm,1969,,,,,,,,,
https://ieeexplore.ieee.org/document/917698,Extended Split Radix FFT algorithm,2001,,,,,,,,,
https://dl.acm.org/doi/10.1145/236869.236882, Von zur Gathen-Gerhard additive FFT,1996,,,,,,,,,
https://ieeexplore.ieee.org/document/1926/,Wang-Zhu-Cantor additive FFT,1988,,,,,,,,,
https://ieeexplore.ieee.org/stamp/stamp.jsp?arnumber=5625613,Gao’s additive FFT,2010,,,,,,,,,
https://web.archive.org/web/20080528040104/http://www.research.ibm.com/journal/sj/041/ibmsjIVRIC.pdf,Bresenham's line algorithm,1965,,,,,,,,,
http://www-users.mat.umk.pl/~gruby/teaching/lgim/1_wu.pdf,Xiaolin Wu's line algorithm,1991,,,,,,,,,
http://www.cs.gettysburg.edu/~ilinkin/courses/Fall-2014/cs373/handouts/papers/gs-fegsd-81.pdf,Gupta-Sproull algorithm,1981,,,,,,,,,
http://davis.wpi.edu/~matt/courses/clipping/,Greiner–Hormann clipping algorithm,1998,,,,,,,,,
https://dl.acm.org/doi/10.1145/360767.360802,Sutherland–Hodgman algorithm,1974,,,,,,,,,
https://dl.acm.org/doi/10.1145/129902.129906,Vatti clipping algorithm,1992,,,,,,,,,
https://www.cs.drexel.edu/~david/Classes/CS430/HWs/p214-weiler.pdf,Weiler–Atherton clipping algorithm,1977,,,,,,,,,
https://onlinelibrary.wiley.com/doi/abs/10.1002/zamm.19210010104,Inverse iteration,1921,,,,,,,,,
https://academic.oup.com/comjnl/article/4/4/332/432033,QR algorithm,1962,,,,,,,,,
https://gdz.sub.uni-goettingen.de/id/PPN243919689_0030,Jacobi eigenvalue algorithm,1846,,,,,,,,,
https://link.springer.com/content/pdf/10.1007/BF01389480.pdf,Divide-and-conquer,1986,,,,,,,,,
https://www.scirp.org/(S(czeh2tfqyw2orz553k1w0r45))/reference/ReferencesPapers.aspx?ReferenceID=530065,Homotopy method,1992,,,,,,,,,
https://journals.aps.org/pr/abstract/10.1103/PhysRev.46.828,Folded spectrum method,1934,,,,,,,,,
https://www.cs.utexas.edu/users/inderjit/public_papers/DesignMRRR_toms06.pdf,MRRR algorithm,1999,,,,,,,,,
https://ieeexplore.ieee.org/document/1084580/,Ridder's method,1979,,,,,,,,,
https://www.jstor.org/stable/2001916,Muller's method,1956,,,,,,,,,
https://www.cambridge.org/core/journals/proceedings-of-the-edinburgh-mathematical-society/article/practical-method-for-enumerating-cosets-of-a-finite-abstract-group/0306574AD958F694A0A8339338348AA1,Todd–Coxeter algorithm,1936,,,,,,,,,
https://www.cs.tufts.edu/~nr/cs257/archive/don-knuth/knuth-bendix.pdf,Knuth–Bendix algorithm,1970,,,,,,,,,
https://www.jstor.org/stable/2984875,Expectation–maximization (EM) algorithm,1977,,,,,,,,,
https://www.jstor.org/stable/2337481,Parameter-expanded expectation maximization (PX-EM) algorithm,1998,,,,,,,,,
https://arxiv.org/abs/1709.06970,Expectation conditional maximization (ECM),2017,,,,,,,,,
https://web.eecs.umich.edu/~fessler/papers/files/jour/94/web/fessler-94-sag.pdf,Generalized expectation maximization (GEM) algorithm,1994,,,,,,,,,
https://dl.acm.org/doi/10.1109/TIT.2002.808105,α-EM algorithm,2003,,,,,,,,,
http://algo.inria.fr/flajolet/Publications/src/FlMa85.pdf, Flajolet–Martin algorithm,1984,,,,,,,,,
http://algo.inria.fr/flajolet/Publications/DuFl03-LNCS.pdf,LogLog algorithm,2003,,,,,,,,,
http://algo.inria.fr/flajolet/Publications/FlFuGaMe07.pdf,HyperLogLog algorithm,2007,,,,,,,,,
https://static.googleusercontent.com/media/research.google.com/en//pubs/archive/40671.pdf,HyperLogLog++,2014,,,,,,,,,
https://dl.acm.org/doi/10.1145/872726.806984,Chaitin's Algorithm,1981,,,,,,,,,
https://dl.acm.org/doi/10.1145/502874.502896,Chow's Algorithm,1984,,,,,,,,,
http://web.cs.ucla.edu/~palsberg/course/cs132/linearscan.pdf,"Linear Scan, Poletto & Sarkar",1999,,,,,,,,,
https://onlinelibrary.wiley.com/doi/10.1002/(SICI)1097-024X(199608)26:8%3C929::AID-SPE40%3E3.0.CO;2-T,"Optimal Register Allocation (ORA), Goodwin & Wilken Algorithm",1996,,,,,,,,,
https://dl.acm.org/doi/10.5555/290940.291002,Kong and Wilken Algorithm,1998,,,,,,,,,
http://www.wias-berlin.de/people/si/course/files/Fortune87-SweepLine-Voronoi.pdf,Fortune's algorithm,1986,,,,,,,,,
https://ieeexplore.ieee.org/document/1094577/,Linde–Buzo–Gray algorithm,1980,,,,,,,,,
https://academic.oup.com/comjnl/article/24/2/167/338200,Bowyer–Watson algorithm,1981,,,,,,,,,
http://citeseerx.ist.psu.edu/viewdoc/download?doi=10.1.1.302.7503&rep=rep1&type=pdf,Welford's Online algorithm,1962,,,,,,,,,
https://dl.acm.org/doi/10.1145/359146.359153,Weighted incremental algorithm,1979,,,,,,,,,
http://i.stanford.edu/pub/cstr/reports/cs/tr/79/773/CS-TR-79-773.pdf,Chan's algorithm Parallel Implementation,1979,,,,,,,,,
https://dl.acm.org/doi/10.1145/368996.369025,Kahn's algorithm,1962,,,,,,,,,
https://link.springer.com/article/10.1007/BF00268499,Tarjan's DFS based algorithm,1976,,,,,,,,,
https://www.proquest.com/docview/920003939?pq-origsite=gscholar&fromopenview=true,Dekel; Nassimi & Sahni Parallel Implementation ,1981,,,,,,,,,
https://www.cs.cmu.edu/~./sutner/CDM/papers/Hopcroft71.pdf,Hopcroft's algorithm,1971,,,,,,,,,
https://doi.org/10.2307/2964500,Moore's algorithm,1956,,,,,,,,,
https://www.semanticscholar.org/paper/Canonical-regular-expressions-and-minimal-state-for-Brzozowski/94def4233e1e8f15bab72e82708a03fd37233b14,Brzozowski's algorithm,1963,,,,,,,,,
https://www.sciencedirect.com/science/article/pii/0304397592901423,Revuz's algorithm,1992,,,,,,,,,
https://www.labri.fr/perso/zeitoun/research/pdf/Almeida-Zeitoun-IPL2008.pdf,Almeida & Zeitoun,2008,,,,,,,,,
https://www.semanticscholar.org/paper/Fast-Algorithms-for-Finding-Nearest-Common-Harel-Tarjan/8867d059dda279b1aed4a0301e4e46f9daf65174,Tarjan's off-line lowest common ancestors algorithm,1984,,,,,,,,,
https://epubs.siam.org/doi/abs/10.1137/0217079?journalCode=smjcat,Schieber; Vishkin,1988,,,,,,,,,
https://apps.dtic.mil/dtic/tr/fulltext/u2/a227803.pdf,Berkman; Vishkin,1993,,,,,,,,,
https://www.ics.uci.edu/~eppstein/261/BenFar-LCA-00.pdf,Bender; Colton [LCA <=> RMQ],2000,,,,,,,,,
https://link.springer.com/article/10.1007/s00224-004-1155-5,"Stephen Alstrup, Cyril Gavoille, Haim Kaplan & Theis Rauhe ",2004,,,,,,,,,
https://doi.org/10.1016/j.knosys.2018.10.002, X Chen,2019,,,,,,,,,
https://asset-pdf.scinapse.io/prod/2886034153/2886034153.pdf,Y Bai,2018,,,,,,,,,
https://doi.org/10.48550/arXiv.1709.06810,L Chang,2017,,,,,,,,,
https://doi.org/10.1007/978-3-642-38221-5_15,K Riesen,2013,,,,,,,,,
https://doi.org/10.1109/TSMC.1983.6313167,Alberto Sanfeliu and King-Sun Fu,1983,,,,,,,,,
https://link.springer.com/chapter/10.1007/11815921_17,"Neuhaus, Riesen, Bunke",2006,,,,,,,,,
https://doi.org/10.1109/3477.604100,Wang Y-K; Fan K-C; Horng J-T,1997,,,,,,,,,
https://eprints.bbk.ac.uk/id/eprint/443/1/Binder1.pdf,Tao D; Tang X; Li X et al,2006,,,,,,,,,
https://direct.mit.edu/neco/article-pdf/10/7/1873/813998/089976698300017188.pdf?casa_token=nCYv9xO_Cc4AAAAA:EHiG4v8QmQju6u9RE6w4X6EGRtk5O5W6hIGy-_0A3HSit43f__4oSd4wjAtFIGJuopGMZzU,Finch,1998,,,,,,,,,
https://dl.acm.org/doi/10.1145/362342.362367,Bron–Kerbosch algorithm,1973,,,,,,,,,
http://www.dcs.gla.ac.uk/~pat/jchoco/clique/enumeration/papers/SMJ000001%5B1%5D.pdf,Akkoyunlu; E. A. ,1973,,,,,,,,,
https://snap.stanford.edu/class/cs224w-readings/tomita06cliques.pdf,Tomita; Tanaka & Takahashi,2006,,,,,,,,,
https://arxiv.org/pdf/1801.00202.pdf,Segundo; Artieda;  Strash Parallel,2011,,,,,,,,,
https://arxiv.org/pdf/1006.5440.pdf,"David Eppstein, Maarten Löffler, Darren Strash",2010,,,,,,,,,
https://pdfs.semanticscholar.org/0d19/245a27bc65a87a8014d5b8a66fb514c8ff0b.pdf,Chiba and Nishizeki ,1985,,,,,,,,,
https://www.ics.uci.edu/~eppstein/pubs/ChrEpp-TCS-91.pdf,M. Chrobak and D. Eppstein,1989,,,,,,,,,
https://www.proquest.com/docview/918487776?pq-origsite=gscholar&fromopenview=true,"Shuji Tsukiyama, Mikio Ide, Hiromu Ariyoshi, and Isao Shirakawa",1977,,,,,,,,,
https://link.springer.com/chapter/10.1007/978-3-540-27810-8_23,"Kazuhisa Makino, Takeaki Uno; Section 5",2004,,,,,,,,,
https://www.jstor.org/stable/2098806,Held–Karp algorithm,1962,,,,,,,,,
https://apps.dtic.mil/dtic/tr/fulltext/u2/a025602.pdf,Christofides algorithm,1976,,,,,,,,,
https://onlinelibrary.wiley.com/doi/10.1002/net.3230180309,Lawler; E. L.,1985,,,,,,,,,
https://pubsonline.informs.org/doi/abs/10.1287/ijoc.3.4.376,TSPLIB,1991,,,,,,,,,
https://epubs.siam.org/doi/pdf/10.1137/0113067,9-point Tensor product,1964,,,,,,,,,
https://epubs.siam.org/doi/pdf/10.1137/0113067,9-point Tensor product,1964,,,,,,,,,
https://link.springer.com/article/10.1007/PL00009464,Flipping algorithm,1999,,,,,,,,,
https://web.archive.org/web/20091028054315/http://www.cs.uu.nl/geobook/interpolation.pdf,de Berg; Cheong,2008,,,,,,,,,
https://academic.oup.com/comjnl/article/24/2/167/338200,Bowyer–Watson algorithm,1981,,,,,,,,,
https://web.archive.org/web/20180425231851/https://www.cs.cmu.edu/~ygu1/paper/SPAA16/Incremental.pdf,Belloch,2006,,,,,,,,,
http://www.geom.uiuc.edu/~samuelp/del_project.html,Guibas; Stofli,1985,,,,,,,,,
https://dl.acm.org/doi/10.1145/142675.142695,Fortune,1992,,,,,,,,,
http://www.s-hull.org/paper/s_hull.pdf,S-hull (Sinclair),2010,,,,,,,,,
https://link.springer.com/article/10.1007/BF01840356,Dwyer,1987,,,,,,,,,
https://ieeexplore.ieee.org/stamp/stamp.jsp?tp=&arnumber=6313167, Katajainen and M. Koppinen,1988,,,,,,,,,
https://web.archive.org/web/20120308043808/http://www.cs.berkeley.edu/~jrs/meshpapers/SuDrysdale.pdf,Drysdale; Su,1996,,,,,,,,,
https://link.springer.com/article/10.1007/BF02574694,Dwyer (higher dimensions),1987,,,,,,,,,
https://www.ncbi.nlm.nih.gov/pubmed/7497130,"de Bruijn Graph (Idury, Waterman)",1994,,,,,,,,,
https://www.ncbi.nlm.nih.gov/pubmed/7497129,String Graph (Myers),1994,,,,,,,,,
https://www.ncbi.nlm.nih.gov/pmc/articles/PMC2881401/pdf/btq217.pdf,"String Graph with Ferragina–Manzini Index (Simpson, Durbin)",2010,,,,,,,,,
https://www.sciencedirect.com/science/article/pii/0166218X92900315,Brute force algorithm,1967,,,,,,,,,
https://www.aaai.org/Papers/Workshops/1993/WS-93-02/WS93-02-017.pdf,Schlimmer,1993,,,,,,,,,
https://doi.org/10.1016/0950-5849(92)90028-N,Liu,1992,,,,,,,,,
https://www.sciencedirect.com/science/article/pii/0166218X92900315,Räihä; Manilla,1992,,,,,,,,,
https://dl.acm.org/doi/10.1145/509404.509414,Catriel Beeri Ronald Fagin John H. Howard,1977,,,,,,,,,
http://bud.cs.uky.edu/~goldsmit/papers/NondetWithinP.pdf,Sam Buss ,1993,,,,,,,,,
https://citeseerx.ist.psu.edu/viewdoc/download?doi=10.1.1.7.4800&rep=rep1&type=pdf,Chen; I. Kanj; and W. Jia.,2001,,,,,,,,,
https://citeseerx.ist.psu.edu/viewdoc/download?doi=10.1.1.136.4409&rep=rep1&type=pdf,Chandran and F. Grandoni,2004,,,,,,,,,
https://www.cs.lafayette.edu/~gexia/research/mfcs06.pdf,Chen; I. Kanj; and W. Jia.,2006,,,,,,,,,
https://onlinelibrary.wiley.com/doi/abs/10.1002/1097-0037(200007)35:4%3C253::AID-NET3%3E3.0.CO;2-K,J. Chen; L. Liu; and W. Jia.,2000,,,,,,,,,
https://citeseerx.ist.psu.edu/viewdoc/summary?doi=10.1.1.711.8844,Balasubramanian; Fellows,1996,,,,,,,,,
https://www.sciencedirect.com/science/article/pii/S0022000096900586,Papadimitriou and M Yannakakis,1996,,,,,,,,,
https://citeseerx.ist.psu.edu/viewdoc/download?doi=10.1.1.69.1933&rep=rep1&type=pdf,"Niedermeier, Rossmanith",1999,,,,,,,,,
https://citeseerx.ist.psu.edu/viewdoc/download?doi=10.1.1.12.4079&rep=rep1&type=pdf,Downey,1998,,,,,,,,,
https://core.ac.uk/download/pdf/158319955.pdf,Cocke–Younger–Kasami algorithm,1968,,,,,,,,,
https://linkinghub.elsevier.com/retrieve/pii/S0022000075800468,Valiant,1975,,,,,,,,,
https://web.archive.org/web/20040708052627/http://www-2.cs.cmu.edu/afs/cs.cmu.edu/project/cmt-55/lti/Courses/711/Class-notes/p94-earley.pdf,Earley parser,1968,,,,,,,,,
https://link.springer.com/chapter/10.1007%2F978-3-662-21545-6_18,GLR parser,1974,,,,,,,,,
http://www.vldb.org/conf/1994/P487.PDF,A-Priori algorithm,1994,,,,,,,,,
https://dl.acm.org/doi/abs/10.1145/568271.223813,The Algorithm of Park; Chen; and Yu (PCY),1995,,,,,,,,,
http://ilpubs.stanford.edu:8090/423/,The Multistage Algorithm,1999,,,,,,,,,
http://ilpubs.stanford.edu:8090/423/,The Multihash Algorithm,1999,,,,,,,,,
https://doi.org/10.1109/TIT.2009.2016040,Gupta; Verdu,2009,,,,,,,,,
https://doi.org/10.1109%2FT-C.1974.223784,Discrete Cosine Transform,1974,,,,,,,,,
https://ieeexplore.ieee.org/document/1523592,Maneva and M. J. Wainwright,2005,,,,,,,,,
https://arxiv.org/abs/cond-mat/0504509, Ciliberti; Mézard,2005,,,,,,,,,
https://doi.org/10.1109/TIT.2003.815805,Matsunaga; Yamamoto,2003,,,,,,,,,
https://ieeexplore.ieee.org/document/5474629/,Sun; M. Shao; J. Chen; K. Wong; and X. Wu,2010,,,,,,,,,
https://www.semanticscholar.org/paper/Lossy-Data-Compression-over-Zq-by-LDPC-Code-Miyake/652f0438118898b63126f7261ec4cd2002ff0e0b,Miyake 2006,2006,,,,,,,,,
https://arxiv.org/abs/cs/0602046,Martinian and M. J. Wainwright,2006,,,,,,,,,
https://web.stanford.edu/~tsachy/pdf_files/Lossy%20Source%20Coding%20via%20Markov%20Chain%20Monte%20Carlo.pdf,Jalali and T. Weissman,2008,,,,,,,,,
https://authors.library.caltech.edu/17983/1/Jalali2010p7459Ieee_T_Inform_Theory.pdf,Jalali; A. Montanari; and T. Weissman,2010,,,,,,,,,
https://arxiv.org/pdf/0903.0307.pdf,Korada and R. Urbanke;,2010,,,,,,,,,
https://ieeexplore.ieee.org/document/6768643/,Berlekamp's algorithm,1967,,,,,,,,,
https://www.ams.org/journals/mcom/1981-36-154/S0025-5718-1981-0606517-5/home.html,Cantor–Zassenhaus algorithm,1981,,,,,,,,,
https://www.sciencedirect.com/science/article/abs/pii/0020019090901954,Victor Shoup's algorithm,1990,,,,,,,,,
https://ieeexplore.ieee.org/document/1054260,Berlekamp–Massey algorithm,1969,,,,,,,,,
http://www.eecs.harvard.edu/cs286r/courses/fall09/papers/galeshapley.pdf,Gale–Shapley algorithm,1962,,,,,,,,,
http://www.dcs.gla.ac.uk/~pat/jchoco/roommates/papers/Comp_sdarticle.pdf,Irving's Algorithm,1985,,,,,,,,,
http://www.dcs.gla.ac.uk/~davidm/pubs/7981.pdf,Manlove; Malley,2005,,,,,,,,,
http://www.dcs.gla.ac.uk/~pat/roommates/distribution/papers/SM2N.pdf,Unsworth; C.; Prosser; P,2005,,,,,,,,,
https://www.sciencedirect.com/science/article/abs/pii/000437029290020X,Hentenryck et. al.,1992,,,,,,,,,
https://link.springer.com/chapter/10.1007/3-540-45578-7_16,Gent; I.P.; Irving; R.W.; Manlove; D.F.; Prosser; P.; Smith; B.M.,2001,,,,,,,,,
https://link.springer.com/chapter/10.1007%2F978-3-319-07046-9_2,Patrick Posser,2014,,,,,,,,,
https://link.springer.com/content/pdf/10.1007/BF02136029.pdf,S. S. TSENG and R. C. T. LEE,1984,,,,,,,,,
http://theory.stanford.edu/~megiddo/pdf/soda94.pdf,"Tomas Feder, Nimrod Megiddoy, Serge A Plotki",1994,,,,,,,,,
https://link.springer.com/content/pdf/10.1007/s00453-010-9411-3.pdf,Ioannidou; Kyriaki; Mertzios; George B.; Nikolopoulos; Stavros D.,2011,,,,,,,,,
https://dl.acm.org/citation.cfm?id=1441766,Weiner's algorithm,1973,,,,,,,,,
https://www.cs.helsinki.fi/u/ukkonen/SuffixT1withFigs.pdf,Ukkonen,1995,,,,,,,,,
https://link.springer.com/article/10.1007/BF01769703,Ukkonen and D. Wood,1993,,,,,,,,,
https://www.sciencedirect.com/science/article/pii/S0022000097914963,Hariharan,1997,,,,,,,,,
https://link.springer.com/content/pdf/10.1007/3-540-57811-0_3.pdf,Süleyman Cenk Sahinalp ; Uzi Vishkin,1994,,,,,,,,,
https://www.cs.rutgers.edu/~farach/pubs/PRAMSuffixICALP.pdf,Farach,1997,,,,,,,,,
https://www.researchgate.net/publication/228945502_On_parallel_transformations_of_suffix_arrays_into_suffix_trees,Rytter,2004,,,,,,,,,
http://libeccio.di.unisa.it/TdP/suffix.pdf,McCreight,1976,,,,,,,,,
https://courses.cs.washington.edu/courses/cse590q/04au/papers/Felligi69.pdf,Fellegi & Sunter Model,1969,,,,,,,,,
https://doi.org/10.14778/1687627.1687661,Gupta & Sarawagi CRF,2009,,,,,,,,,
https://courses.cs.washington.edu/courses/cse590q/04au/papers/WinklerEM.pdf,EM Based Winkler,2000,,,,,,,,,
https://arxiv.org/abs/1207.4180,Ravikumar & Cohen Generative Models,2004,,,,,,,,,
https://dl.acm.org/doi/10.1145/2339530.2339707,Bellare Active Learning,2012,,,,,,,,,
https://doi.org/10.1016/B978-155860869-6/50058-5,Ananthakrishna,2002,,,,,,,,,
https://www.sciencedirect.com/science/article/abs/pii/016794739390116B,BOYS algorithm,1993,,,,,,,,,
https://doi.org/10.1145%2F321892.321896,Manacher,1975,,,,,,,,,
https://doi.org/10.1007%2FBF01182773,Jeuring,1994,,,,,,,,,
https://www.cambridge.org/core/books/algorithms-on-strings-trees-and-sequences/F0B095049C7E6EF5356F0A26686C20D3,Gusfield ,1997,,,,,,,,,
https://dl.acm.org/doi/10.1145/236114.236117,Demand-Driven Register Allocation,1996,,,,,,,,,
https://dl.acm.org/doi/10.1145/321607.321620,Sethi–Ullman Algorithm,1970,,,,,,,,,
https://dl.acm.org/doi/10.1145/800061.808746,Babai and Luks,1983,,,,,,,,,
https://epubs.siam.org/doi/10.1137/0209018,Babai,1980,,,,,,,,,
https://www.cs.yale.edu/homes/spielman/PAPERS/srg.pdf,Spielman,1996,,,,,,,,,
http://users.cecs.anu.edu.au/~bdm/papers/pgi.pdf,McKay,1981,,,,,,,,,
https://dl.acm.org/doi/10.1145/321958.321963,Schmidt & Druffel,1976,,,,,,,,,
https://dl.acm.org/doi/10.1145/321921.321925,Ullman,1976,,,,,,,,,
"http://people.cs.uchicago.edu/~laci/update.html, http://people.cs.uchicago.edu/~laci/17groups/version2.1.pdf",Babai,2017,,,,,,,,,
https://londmathsoc.onlinelibrary.wiley.com/doi/abs/10.1112/S0024611503014412,Muzychuk,2004,,,,,,,,,
https://www.sciencedirect.com/science/article/pii/0196677490900135,Bodlaender,1990,,,,,,,,,
https://oa.mg/work/10.1109/focs.2008.80,Babai & Codenotti,2008,,,,,,,,,
https://linkinghub.elsevier.com/retrieve/pii/0012365X7390037X,Kleitman–Wang Algorithm,1973,,,,,,,,,
https://www.cambridge.org/core/journals/canadian-journal-of-mathematics/article/properties-of-a-class-of-01matrices-covering-a-given-matrix/9A3857D219511017536142BD7F132C91,Fulkerson–Chen–Anstee,1982,,,,,,,,,
https://arxiv.org/abs/1203.3636,Berger & Müller-Hannemann,2011,,,,,,,,,
https://link.springer.com/article/10.1023/A:1009761603038,Sorted Neighborhood Algorithm (SNA),1998,,,,,,,,,
https://dl.acm.org/doi/10.1145/956750.956759,Adaptive Duplicate Detection Algorithm (ADD),2003,,,,,,,,,
https://link.springer.com/article/10.1134/S0965542508040039,B.I. Kvasov,2008,,,,,,,,,
https://www.mathnet.ru/eng/zvmmf2544,V. A. Lyul’ka and A. V. Romanenko,1994,,,,,,,,,
http://www.mathnet.ru/php/archive.phtml?wshow=paper&jrnid=zvmmf&paperid=943&option_lang=eng,V. A. Lyul’ka and I. E. Mikhailov,2003,,,,,,,,,
https://link.springer.com/article/10.1023/A:1018988312596,"P. Costantini, B. I. Kvasov, and C. Manni",1999,,,,,,,,,
http://sutir.sut.ac.th:8080/sutir/bitstream/123456789/431/1/bib115.pdf,B. I. Kvasov,2000,,,,,,,,,
https://dl.acm.org/doi/10.1145/218380.218440,ECK M.; DEROSE T.; DUCHAMP T.; 1995,1995,,,,,,,,,
http://www.cs.jhu.edu/~misha/Fall09/Floater97.pdf,FLOATER 1997,1997,,,,,,,,,
http://www.cs.jhu.edu/~misha/Fall09/Pinkall93.pdf,PINKALL U.; POLTHIER K 1993,1993,,,,,,,,,
https://www.ams.org/journals/mcom/2003-72-242/S0025-5718-02-01466-7/S0025-5718-02-01466-7.pdf,FLOATER 2003,2003,,,,,,,,,
https://www.sciencedirect.com/science/article/abs/pii/S0097849302001231,LEE Y.; KIM H. S.; LEE S 2002,2002,,,,,,,,,
https://dl.acm.org/doi/10.1145/566654.566588,DESBRUN M.; MEYER M.; ALLIEZ P. 2002,2002,,,,,,,,,
https://members.loria.fr/Bruno.Levy/papers/LSCM_SIGGRAPH_2002.pdf,LÉVY B.; PETITJEAN S.; RAY N.; MAILLOT J 2002,2002,,,,,,,,,
https://dash.harvard.edu/bitstream/handle/1/2634388/Gortler_FreeBoundary.pdf?sequence=2&isAllowed=y,KARNI Z.; GOTSMAN C.; GORTLER S. J. 2005,2005,,,,,,,,,
https://www.semanticscholar.org/paper/MIPS%3A-An-Efficient-Global-Parametrization-Method-Hormann-Greiner/a2f7f69b37565eb2729b45a7d72c6aae2e4908b8,HORMANN K.; GREINER G 1999,1999,,,,,,,,,
https://link.springer.com/article/10.1007/PL00013391,SHEFFER A.; DE STURLER E. 2000,2000,,,,,,,,,
https://hal.inria.fr/inria-00105689/document,SHEFFER A.; LÉVY B.; MOGILNITSKY M.; BOGOMYAKOV A. 2005,2005,,,,,,,,,
https://dl.acm.org/doi/10.5555/1281991.1282010,ZAYER R.; LÉVY B.; SEIDEL H.-P. 2007,2007,,,,,,,,,
https://dl.acm.org/doi/pdf/10.1145/383259.383307,SANDER P. V.; SNYDER J.; GORTER S. J.; HOPPE 2001,2001,,,,,,,,,
http://citeseerx.ist.psu.edu/viewdoc/download?doi=10.1.1.226.1150&rep=rep1&type=pdf,ZAYER R.; ROESSL C.; SEIDEL H.-P 2005,2005,,,,,,,,,
https://www.researchgate.net/profile/Alexander_Belyaev5/publication/47861414_A_fast_and_simple_stretch-minimizing_mesh_parameterization/links/5b962a6292851c78c40c0c3f/A-fast-and-simple-stretch-minimizing-mesh-parameterization.pdf,YOSHIZAWA S.; BELYAEV A. G.; SEIDEL H.-P 2004,2004,,,,,,,,,
https://dl.acm.org/doi/10.1145/1236246.1236287,CHEN Z. G.; LIU L. G.; ZHANG Z. Y.; WANG G. J. 2007,2007,,,,,,,,,
http://www.cs.technion.ac.il/~gotsman/AmendedPubl/Miri/EG08_Conf.pdf,BEN-CHEN M.; GOTSMAN C.; BUNIN G. 2008,2008,,,,,,,,,
https://dl.acm.org/doi/10.1145/1399504.1360676,SPRINGBORN B.; SCHROEDER P.; PINKALL U. 2008,2008,,,,,,,,,
https://www.jstor.org/stable/2984875,Expectation-Maximization (EM) algorithm,1977,,,,,,,,,
https://rss.onlinelibrary.wiley.com/doi/abs/10.1111/1467-9868.00083,EM with Quasi-Newton Methods (Jamshidian; Mortaza; Jennrich; Robert I.),1997,,,,,,,,,
http://www.stat.ucla.edu/~ywu/research/papers/PXEM.pdf,Parameter-expanded expectation maximization (PX-EM),1998,,,,,,,,,
https://academic.oup.com/biomet/article-abstract/80/2/267/251605?redirectedFrom=fulltext,Expectation conditional maximization (ECM),1993,,,,,,,,,
https://www.jstor.org/stable/2337067,Expectation conditional maximization either (ECME) (Liu; Chuanhai; Rubin; Donald B),1994,,,,,,,,,
https://waseda.pure.elsevier.com/en/publications/the-%CE%B1-em-algorithm-surrogate-likelihood-maximization-using-%CE%B1-loga,α-EM Algorithm,2003,,,,,,,,,
https://faculty.cc.gatech.edu/~bboots3/files/SpectralExteriorPoint-NIPSWorkshop.pdf,Shaban; Amirreza; Mehrdad; Farajtabar,2015,,,,,,,,,
https://ieeexplore.ieee.org/abstract/document/7895145,"alpha-HMM (Matsuyama, Yasuo)",2011,,,,,,,,,
https://ieeexplore.ieee.org/document/1098671,Kushner non-linear filter,1967,,,,,,,,,
https://link.springer.com/article/10.1007/BF00536382,Zakai,1969,,,,,,,,,
https://ieeexplore.ieee.org/abstract/document/661075,Damiano Brigo; Bernard Hanzon and François LeGland,1998,,,,,,,,,
https://projecteuclid.org/journals/annals-of-applied-probability/volume-8/issue-2/Measure-valued-processes-and-interacting-particle-systems-Application-to-nonlinear/10.1214/aoap/1028903535.full,Del Moral; Pierre,1998,,,,,,,,,
https://link.springer.com/chapter/10.1007/978-1-4612-1784-8_28,Ocone,1999,,,,,,,,,
https://www.jstor.org/stable/24900506,Bellman Value Iteration (VI),1957,,,,,,,,,
http://web.mit.edu/dimitrib/www/dpchapter.pdf,Howard Policy Iteration (PI),1960,,,,,,,,,
https://link.springer.com/chapter/10.1007/978-3-662-04565-7_13,Integer linear program Vazirani,2001,,,,,,,,,
https://dl.acm.org/doi/10.1145/237814.237991,Greedy Algorithm,1996,,,,,,,,,
https://doi.org/10.1145%2F185675.306789,Lund & Yannakakis,1994,,,,,,,,,
https://courses.cs.duke.edu/spring07/cps296.2/papers/p634-feige.pdf,Feige,1998,,,,,,,,,
https://dl.acm.org/doi/10.1145/258533.258641,Raz & Safra,1997,,,,,,,,,
https://www.dsteurer.org/paper/productgames.pdf,Dinur & Steurer,2013,,,,,,,,,
https://www.semanticscholar.org/paper/An-efficient-distributed-algorithm-for-computing-Cardoso-Abreu/ce32696c1176800c5b90fab026bf93f282e2b161,Cardoso; Nuno; Abreu; Rui,2014,,,,,,,,,
https://www.ncbi.nlm.nih.gov/pubmed/9719638,Helden Oligo-Analysis,1998,,,,,,,,,
https://www.ncbi.nlm.nih.gov/pmc/articles/PMC102821/,van Helden J; Rios AF; Collado-Vides J,2000,,,,,,,,,
https://www.aaai.org/Papers/ISMB/1999/ISMB99-030.pdf,Tompa M,1999,,,,,,,,,
https://www.ncbi.nlm.nih.gov/pubmed/10977095,Sinha S; Tompa M YMF (Yeast Motif Finder),2000,,,,,,,,,
https://link.springer.com/article/10.1007/BF00993379,Bailey TL; Elkan C MEME,1995,,,,,,,,,
https://link.springer.com/chapter/10.1007/BFb0054337,Sagot M,1988,,,,,,,,,
https://www.worldscientific.com/doi/10.1142/S0219720004000466,Liang Cwinnower,2003,,,,,,,,,
https://link.springer.com/chapter/10.1007/11780441_22,Kingsford,2006,,,,,,,,,
http://rosalind.info/problems/ba3m/,Naive,1940,,,,,,,,,
https://www.w3.org/People/Massimo/papers/quest_hypersearch.pdf,The INDEGREE Algorithm,1997,,,,,,,,,
http://ilpubs.stanford.edu:8090/422/1/1999-66.pdf,The PAGERANK Algorithm,1998,,,,,,,,,
https://dl.acm.org/doi/pdf/10.1145/324133.324140,The (Hyperlink-Induced Topic Search) HITS Algorithm,1998,,,,,,,,,
https://citeseerx.ist.psu.edu/viewdoc/download?doi=10.1.1.585.7341&rep=rep1&type=pdf,Kleinberg,1998,,,,,,,,,
https://dl.acm.org/doi/abs/10.1145/382979.383041,The (Stochastic Approach for Link Structure Analysis) SALSA Algorithm,2000,,,,,,,,,
https://dl.acm.org/doi/pdf/10.1145/383952.384003,Randomized HITS,2001,,,,,,,,,
http://web.cse.msu.edu/~cse960/Papers/LinkAnalysis/phits.pdf,PHITS Coheng Chan,2000,,,,,,,,,
http://www-cs-students.stanford.edu/~taherh/papers/topic-sensitive-pagerank.pdf,Haveliwala,2002,,,,,,,,,
http://infolab.stanford.edu/~glenj/spws.pdf,Jeh and Widom,2003,,,,,,,,,
https://homes.cs.washington.edu/~pedrod/papers/nips01b.pdf, Richardson and Domingos,2002,,,,,,,,,
https://dl.acm.org/doi/10.1145/775152.775202,Tomlin,2003,,,,,,,,,
https://homes.cs.washington.edu/~karlin/papers/web-search.pdf,Achlioptas,2001,,,,,,,,,
https://web.stanford.edu/class/cs240/readings/89-leases.pdf,Leases (Cary G Gray and David R Cheriton),1989,,,,,,,,,
https://dl.acm.org/doi/10.5555/1298455.1298487,Chubby (Mike Burrows),2006,,,,,,,,,
https://www.cs.utexas.edu/~lorenzo/corsi/cs380d/papers/p225-chandra.pdf,Tushar Deepak Chandra and Sam Toueg,1996,,,,,,,,,
https://dl.acm.org/doi/pdf/10.1145/368637.368653,Ray casting algorithm Shimrat; M,1962,,,,,,,,,
https://doi.org/10.1007/BF01934125,Nordbeck and Rystedt (Grid Method),1967,,,,,,,,,
https://doi.org/10.1016/0098-3004(78)90085-7,Salomon (Swath Method),1978,,,,,,,,,
https://doi.org/10.1007/BF01934125,Nordbeck and Rystedt (Sum of area),1967,,,,,,,,,
http://www.cs.kent.edu/~dragan/CG/CG-Book.pdf,Preparata and Shamos (Wedge),1985,,,,,,,,,
https://doi.org/10.1080/02693798708927823,Saalfeld (Sign of offset),1987,,,,,,,,,
http://www.cs.kent.edu/~dragan/CG/CG-Book.pdf,Preparata and Shamos (Intersection sum of angle),1985,,,,,,,,,
https://doi.org/10.1007/BF01934125,Nordbeck and Rystedt (Orientation),1967,,,,,,,,,
https://ieeexplore.ieee.org/document/1281624,ASP,2005,,,,,,,,,
https://www.researchgate.net/publication/224306349_Clock-Sampling_Mutual_Network_Synchronization_for_Mobile_Multi-hop_Wireless_Ad_Hoc_Networks,Clock-sampling mutual network synchronization,2007,,,,,,,,,
https://ieeexplore.ieee.org/document/4359404,MATSF,2004,,,,,,,,,
http://rosalind.info/problems/ba1n/,Iterative naive,1940,,,,,,,,,
https://rajsain.files.wordpress.com/2013/11/randomized-algorithms-motwani-and-raghavan.pdf,Motwani & Raghavan,1995,,,,,,,,,
http://lib.ysu.am/open_books/413311.pdf,Mitzenmacher & Upfal,2005,,,,,,,,,
https://doc.lagout.org/science/0_Computer%20Science/2_Algorithms/Handbook%20of%20Approximation%20Algorithms%20and%20Metaheuristics%20%5BGonzalez%202007-01-05%5D.pdf,"Khuller; Raghavachari & Young, ""Greedy Methods""",2007,,,,,,,,,
https://link.springer.com/content/pdf/10.1007/978-3-642-58412-1.pdf?pdf=button,Ausiello et al.,2003,,,,,,,,,
https://pubsonline.informs.org/doi/epdf/10.1287/ijoc.2017.0798,Dunning; Gupta & Silberholz,2018,,,,,,,,,
https://arxiv.org/abs/1504.00513,Ruchansky,2015,,,,,,,,,
https://www.ams.org/journals/mcom/1968-22-103/S0025-5718-1968-0226829-0/S0025-5718-1968-0226829-0.pdf,Bareiss algorithm,1968,,,,,,,,,
https://www.ams.org/journals/bull/1979-01-06/S0273-0979-1979-14691-3/S0273-0979-1979-14691-3.pdf,Ferguson–Forcade algorithm,1979,,,,,,,,,
https://www.math.leidenuniv.nl/~hwl/PUBLICATIONS/1982f/art.pdf,LLL algorithm,1982,,,,,,,,,
https://www.ams.org/journals/mcom/1989-53-188/S0025-5718-1989-0979934-9/S0025-5718-1989-0979934-9.pdf,PSOS algorithm,1988,,,,,,,,,
https://www.ams.org/journals/mcom/1999-68-225/S0025-5718-99-00995-3/S0025-5718-99-00995-3.pdf,PSLQ algorithm,1992,,,,,,,,,
https://link.springer.com/chapter/10.1007/3-540-63307-3_56,Amir et al.,1997,,,,,,,,,
https://www.sciencedirect.com/science/article/pii/S0304397599003333,Navarro,2000,,,,,,,,,
https://www.ncbi.nlm.nih.gov/pubmed/26589280,HybridSpades,2015,,,,,,,,,
https://www.biorxiv.org/content/10.1101/124941v1.full,V-ALIGN,2018,,,,,,,,,
https://www.biorxiv.org/content/10.1101/216127v1,Rautiainen and Marschall,2017,,,,,,,,,
https://www.biorxiv.org/content/10.1101/522912v1.full.pdf,"Jain, Chang",2019,,,,,,,,,
https://www.ncbi.nlm.nih.gov/pubmed/30851095,"Rautiainen, Marschall",2019,,,,,,,,,
https://doi.org/10.1090/pspum/020,Baby-step Giant-step,1971,,,,,,,,,
https://www.sciencedirect.com/science/article/pii/S0890540198927614,Function Field Sieve (FFS),1999,,,,,,,,,
http://www.ams.org/notices/199612/pomerance.pdf,Number Field Sieve (NFS),1990,,,,,,,,,
https://dl.acm.org/citation.cfm?id=2269283,Pohlig-Hellman,1978,,,,,,,,,
https://www.ams.org/mcom/1978-32-143/S0025-5718-1978-0491431-9/S0025-5718-1978-0491431-9.pdf,Pollard's rho algorithm,1978,,,,,,,,,
https://www.ams.org/mcom/1978-32-143/S0025-5718-1978-0491431-9/S0025-5718-1978-0491431-9.pdf,Pollard's kangaroo algorithm,1978,,,,,,,,,
https://ieeexplore.ieee.org/document/4567957,"Guibas, Sedgewick Red-Black Tree",1972,,,,,,,,,
https://ieeexplore.ieee.org/document/4567957,"Guibas, Sedgewick Red-Black Tree",1972,,,,,,,,,
https://ieeexplore.ieee.org/document/4567957,"Guibas, Sedgewick Red-Black Tree",1972,,,,,,,,,
https://ieeexplore.ieee.org/document/4567957,"Guibas, Sedgewick Red-Black Tree",1972,,,,,,,,,
https://epubs.siam.org/doi/pdf/10.1137/0201008,"Aho, Garey & Ullman",1972,,,,,,,,,
https://epubs.siam.org/doi/pdf/10.1137/0201008,"Aho, Garey & Ullman",1972,,,,,,,,,
https://epubs.siam.org/doi/pdf/10.1137/0201008,"Aho, Garey & Ullman",1978,,,,,,,,,
https://epubs.siam.org/doi/pdf/10.1137/0201008,"Aho, Garey & Ullman",1979,,,,,,,,,
https://epubs.siam.org/doi/pdf/10.1137/0201008,"Aho, Garey & Ullman",1980,,,,,,,,,
https://epubs.siam.org/doi/pdf/10.1137/0201008,"Aho, Garey & Ullman",1980,,,,,,,,,
https://epubs.siam.org/doi/pdf/10.1137/0201008,"Aho, Garey & Ullman",1981,,,,,,,,,
https://epubs.siam.org/doi/pdf/10.1137/0201008,"Aho, Garey & Ullman",1986,,,,,,,,,
https://epubs.siam.org/doi/pdf/10.1137/0201008,"Aho, Garey & Ullman",1990,,,,,,,,,
https://epubs.siam.org/doi/pdf/10.1137/0201008,"Aho, Garey & Ullman",2014,,,,,,,,,
https://epubs.siam.org/doi/pdf/10.1137/0201008,"Aho, Garey & Ullman",2014,,,,,,,,,
https://www.sciencedirect.com/science/article/pii/0167642389900397,"Gries, Martin",1989,,,,,,,,,
https://dl.acm.org/citation.cfm?id=1243380,Dijkstra,1972,,,,,,,,,
http://www.cs.cornell.edu/~rdz/Papers/RZ-IPL92.pdf,"Rivin, Zabih",1992,,,,,,,,,
https://books.google.com/books/about/Topics_in_Graph_Theory.html?id=pSv3XotPCQgC,Hanoi graph,2008,,,,,,,,,
https://link.springer.com/chapter/10.1007/3-540-60590-8_7,RC5,1994,,,,,,,,,
https://csrc.nist.gov/csrc/media/projects/cryptographic-standards-and-guidelines/documents/aes-development/rijndael-ammended.pdf,Rijndael / AES,2001,,,,,,,,,
https://link.springer.com/chapter/10.1007/3-540-58108-1_24,Blowfish,1993,,,,,,,,,
https://www.jstor.org/stable/2004623?origin=crossref&seq=5#metadata_info_tab_contents,Bjorck,1970,,,,,,,,,
https://academic.oup.com/imajna/article/8/4/473/758789?login=true,Higham,1988,,,,,,,,,
https://link.springer.com/article/10.1007/BF01990529,"Calvetti, Reichel",1993,,,,,,,,,
https://arxiv.org/abs/0910.0095,Binary GCD algorithm,1967,,,,,,,,,
https://hal.inria.fr/file/index/docid/71533/filename/RR-5050.pdf,"Sthele, Zimmermann",2006,,,,,,,,,
https://www.cs.utexas.edu/users/EWD/ewd01xx/EWD108.PDF,Banker's Algorithm,1966,,,,,,,,,
https://www.researchgate.net/profile/Gyanendra-Kumar-3/publication/319467661_A_Novel_Longest_Distance_First_Page_Replacement_Algorithm/links/59b209f1aca2728472d14684/A-Novel-Longest-Distance-First-Page-Replacement-Algorithm.pdf,Longest distance first (LDF) page replacement algorithm,2017,,,,,,,,,
https://dl.acm.org/doi/10.1145/128765.128770,ARIES,1992,,,,,,,,,